{"cameraMode":{"drawMode":0,"name":"Shaded","section":"Shading Mode"},"sceneLighting":false,"audioPlay":false,"sceneViewState":{"m_AlwaysRefresh":false,"showFog":false,"showSkybox":false,"showFlares":false,"showImageEffects":false,"showParticleSystems":false,"showVisualEffectGraphs":true,"m_FxEnabled":true},"in2DMode":false,"pivot":{"x":0.11274075508117676,"y":0.9956914186477661,"z":-1.6824337244033814},"rotation":{"x":0.003972914535552263,"y":0.9951431751251221,"z":-0.08409755676984787,"w":0.04660332575440407},"size":1.0957754850387574,"orthographic":false}