{"cameraMode":{"drawMode":0,"name":"Shaded","section":"Shading Mode"},"sceneLighting":true,"audioPlay":false,"sceneViewState":{"m_AlwaysRefresh":false,"showFog":true,"showSkybox":true,"showFlares":true,"showImageEffects":true,"showParticleSystems":true,"showVisualEffectGraphs":true,"m_FxEnabled":true},"in2DMode":false,"pivot":{"x":-1.2556979656219483,"y":0.35960933566093447,"z":-12.288307189941407},"rotation":{"x":-0.0016864803619682789,"y":-0.9969248175621033,"z":0.07010665535926819,"w":-0.009428350254893303},"size":3.767045259475708,"orthographic":false}