{"cameraMode":{"drawMode":0,"name":"Shaded","section":"Shading Mode"},"sceneLighting":false,"audioPlay":false,"sceneViewState":{"m_AlwaysRefresh":false,"showFog":false,"showSkybox":false,"showFlares":false,"showImageEffects":false,"showParticleSystems":false,"showVisualEffectGraphs":true,"m_FxEnabled":true},"in2DMode":false,"pivot":{"x":-0.04980327934026718,"y":0.4834214150905609,"z":-2.173319101333618},"rotation":{"x":-0.0004930403083562851,"y":0.9965303540229797,"z":-0.08120588958263397,"w":-0.005677944980561733},"size":1.6600894927978516,"orthographic":false}